# KID ID,type,f_KID_design[GHz],F_filter_design [GHz],KID Qc,l_al[mm],l_wide[mm],l_thz[um],l_coupler[um]
0,wideband_bf,5.900000,nan,20000,1.220,2.695,35.800,39.991
1,wideband_bf,5.910000,nan,20000,1.218,2.690,35.800,39.919
2,wideband_af,5.930000,nan,20000,1.214,2.681,35.800,39.777
3,wideband_af,5.940000,nan,20000,1.212,2.676,35.800,39.707
100,filter,4.151500,439.191909,20000,1.734,3.801,67.403,57.540
101,filter,4.156000,427.077045,20000,1.732,3.793,69.344,57.475
102,filter,4.160500,415.296363,20000,1.731,3.786,71.342,57.411
103,filter,4.165000,403.840644,20000,1.729,3.778,73.401,57.347
104,filter,4.169500,392.700926,20000,1.727,3.770,75.520,57.284
105,filter,4.174000,381.868490,20000,1.725,3.762,77.702,57.220
106,filter,4.178500,371.334860,20000,1.723,3.754,79.949,57.157
107,filter,4.183000,361.091795,20000,1.721,3.746,82.262,57.093
108,filter,4.187500,351.131280,20000,1.719,3.737,84.645,57.030
109,filter,4.192000,341.445519,20000,1.718,3.729,87.098,56.967
110,filter,4.196500,332.026935,20000,1.716,3.720,89.623,56.904
111,filter,4.201000,322.868157,20000,1.714,3.712,92.224,56.841
112,filter,4.205500,313.962019,20000,1.712,3.703,94.902,56.779
113,filter,4.210000,305.301552,20000,1.710,3.694,97.660,56.716
114,filter,4.214500,296.879979,20000,1.708,3.685,100.500,56.654
115,filter,4.219000,288.690710,20000,1.707,3.676,103.423,56.592
116,filter,4.223500,280.727338,20000,1.705,3.666,106.434,56.530
117,filter,4.228000,272.983631,20000,1.703,3.657,109.534,56.468
118,filter,4.232500,265.453530,20000,1.701,3.647,112.726,56.406
119,filter,4.237000,258.131142,20000,1.699,3.637,116.013,56.344
120,filter,4.241500,251.010739,20000,1.698,3.627,119.398,56.283
121,filter,4.246000,244.086748,20000,1.696,3.617,122.883,56.221
122,filter,4.250500,237.353751,20000,1.694,3.607,126.472,56.160
123,filter,4.255000,230.806480,20000,1.692,3.597,130.167,56.099
124,filter,4.259500,224.439812,20000,1.690,3.586,133.972,56.038
125,filter,4.264000,437.440398,20000,1.689,3.697,67.676,55.977
126,filter,4.268500,425.373848,20000,1.687,3.690,69.626,55.916
127,filter,4.273000,413.640148,20000,1.685,3.682,71.633,55.856
128,filter,4.277500,402.230115,20000,1.683,3.675,73.699,55.795
129,filter,4.282000,391.134822,20000,1.681,3.667,75.828,55.735
130,filter,4.286500,380.345586,20000,1.680,3.659,78.019,55.674
131,filter,4.291000,369.853965,20000,1.678,3.651,80.275,55.614
132,filter,4.295500,359.651750,20000,1.676,3.643,82.598,55.554
133,filter,4.300000,349.730957,20000,1.674,3.635,84.991,55.495
134,filter,4.304500,340.083823,20000,1.673,3.627,87.454,55.435
135,filter,4.309000,330.702801,20000,1.671,3.618,89.990,55.375
136,filter,4.313500,321.580549,20000,1.669,3.610,92.602,55.316
137,filter,4.318000,312.709929,20000,1.667,3.601,95.291,55.257
138,filter,4.322500,304.084000,20000,1.666,3.593,98.061,55.197
139,filter,4.327000,295.696012,20000,1.664,3.584,100.912,55.138
140,filter,4.331500,287.539403,20000,1.662,3.575,103.848,55.079
141,filter,4.336000,279.607789,20000,1.661,3.566,106.871,55.021
142,filter,4.340500,271.894964,20000,1.659,3.556,109.984,54.962
143,filter,4.345000,264.394893,20000,1.657,3.547,113.190,54.903
144,filter,4.349500,257.101707,20000,1.655,3.537,116.491,54.845
145,filter,4.354000,250.009700,20000,1.654,3.527,119.889,54.787
146,filter,4.358500,243.113322,20000,1.652,3.518,123.389,54.728
147,filter,4.363000,236.407176,20000,1.650,3.507,126.993,54.670
148,filter,4.367500,229.886016,20000,1.649,3.497,130.704,54.612
149,filter,4.372000,223.544739,20000,1.647,3.487,134.525,54.554
150,filter,4.376500,435.695871,20000,1.645,3.599,67.951,54.497
151,filter,4.381000,423.677444,20000,1.643,3.591,69.909,54.439
152,filter,4.385500,411.990538,20000,1.642,3.584,71.924,54.382
153,filter,4.390000,400.626009,20000,1.640,3.577,74.000,54.324
154,filter,4.394500,389.574964,20000,1.638,3.569,76.137,54.267
155,filter,4.399000,378.828756,20000,1.637,3.562,78.337,54.210
156,filter,4.403500,368.378976,20000,1.635,3.554,80.603,54.153
157,filter,4.408000,358.217447,20000,1.633,3.546,82.936,54.096
158,filter,4.412500,348.336219,20000,1.632,3.538,85.338,54.039
159,filter,4.417000,338.727558,20000,1.630,3.530,87.812,53.983
160,filter,4.421500,329.383948,20000,1.628,3.522,90.359,53.926
161,filter,4.426000,320.298075,20000,1.627,3.513,92.981,53.870
162,filter,4.430500,311.462831,20000,1.625,3.505,95.682,53.814
163,filter,4.435000,302.871303,20000,1.623,3.496,98.463,53.758
164,filter,4.439500,294.516767,20000,1.622,3.488,101.326,53.701
165,filter,4.444000,286.392686,20000,1.620,3.479,104.275,53.646
166,filter,4.448500,278.492704,20000,1.619,3.470,107.311,53.590
167,filter,4.453000,270.810638,20000,1.617,3.461,110.437,53.534
168,filter,4.457500,263.340477,20000,1.615,3.452,113.656,53.478
169,filter,4.462000,256.076377,20000,1.614,3.442,116.970,53.423
170,filter,4.466500,249.012653,20000,1.612,3.432,120.383,53.368
171,filter,4.471000,242.143778,20000,1.610,3.423,123.898,53.312
172,filter,4.475500,235.464377,20000,1.609,3.413,127.516,53.257
173,filter,4.480000,228.969224,20000,1.607,3.403,131.243,53.202
174,filter,4.484500,222.653235,20000,1.606,3.392,135.080,53.147
175,filter,4.489000,433.958302,20000,1.604,3.505,68.228,53.093
176,filter,4.493500,421.987805,20000,1.602,3.498,70.193,53.038
177,filter,4.498000,410.347506,20000,1.601,3.491,72.217,52.983
178,filter,4.502500,399.028299,20000,1.599,3.484,74.301,52.929
179,filter,4.507000,388.021326,20000,1.598,3.476,76.447,52.875
180,filter,4.511500,377.317974,20000,1.596,3.469,78.657,52.820
181,filter,4.516000,366.909869,20000,1.594,3.461,80.932,52.766
182,filter,4.520500,356.788864,20000,1.593,3.454,83.275,52.712
183,filter,4.525000,346.947043,20000,1.591,3.446,85.687,52.658
184,filter,4.529500,337.376702,20000,1.590,3.438,88.171,52.604
185,filter,4.534000,328.070354,20000,1.588,3.430,90.729,52.551
186,filter,4.538500,319.020716,20000,1.586,3.422,93.362,52.497
187,filter,4.543000,310.220708,20000,1.585,3.413,96.074,52.444
188,filter,4.547500,301.663442,20000,1.583,3.405,98.867,52.390
189,filter,4.552000,293.342225,20000,1.582,3.397,101.742,52.337
190,filter,4.556500,285.250543,20000,1.580,3.388,104.703,52.284
191,filter,4.561000,277.382066,20000,1.579,3.379,107.752,52.231
192,filter,4.565500,269.730636,20000,1.577,3.370,110.891,52.178
193,filter,4.570000,262.290267,20000,1.575,3.361,114.123,52.125
194,filter,4.574500,255.055137,20000,1.574,3.352,117.452,52.072
195,filter,4.579000,248.019583,20000,1.572,3.342,120.879,52.020
196,filter,4.583500,241.178101,20000,1.571,3.333,124.408,51.967
197,filter,4.588000,234.525338,20000,1.569,3.323,128.042,51.915
198,filter,4.592500,228.056087,20000,1.568,3.313,131.784,51.863
199,filter,4.597000,221.765287,20000,1.566,3.303,135.637,51.810
200,filter,4.601500,432.227663,20000,1.565,3.416,68.505,51.758
201,filter,4.606000,420.304904,20000,1.563,3.409,70.479,51.706
202,filter,4.610500,408.711027,20000,1.562,3.402,72.511,51.654
203,filter,4.615000,397.436962,20000,1.560,3.395,74.604,51.603
204,filter,4.619500,386.473885,20000,1.559,3.388,76.759,51.551
205,filter,4.624000,375.813218,20000,1.557,3.380,78.978,51.499
206,filter,4.628500,365.446620,20000,1.556,3.373,81.262,51.448
207,filter,4.633000,355.365979,20000,1.554,3.366,83.615,51.396
208,filter,4.637500,345.563407,20000,1.553,3.358,86.037,51.345
209,filter,4.642000,336.031233,20000,1.551,3.350,88.532,51.294
210,filter,4.646500,326.761999,20000,1.550,3.342,91.100,51.243
211,filter,4.651000,317.748451,20000,1.548,3.334,93.745,51.192
212,filter,4.655500,308.983538,20000,1.547,3.326,96.468,51.141
213,filter,4.660000,300.460399,20000,1.545,3.318,99.272,51.090
214,filter,4.664500,292.172367,20000,1.544,3.310,102.160,51.039
215,filter,4.669000,284.112955,20000,1.542,3.301,105.133,50.989
216,filter,4.673500,276.275857,20000,1.541,3.292,108.194,50.938
217,filter,4.678000,268.654942,20000,1.539,3.284,111.347,50.888
218,filter,4.682500,261.244245,20000,1.538,3.275,114.593,50.838
219,filter,4.687000,254.037968,20000,1.536,3.265,117.935,50.788
220,filter,4.691500,247.030473,20000,1.535,3.256,121.377,50.737
221,filter,4.696000,240.216275,20000,1.533,3.247,124.921,50.687
222,filter,4.700500,233.590043,20000,1.532,3.237,128.570,50.637
223,filter,4.705000,227.146592,20000,1.530,3.227,132.327,50.588
224,filter,4.709500,220.880880,20000,1.529,3.217,136.197,50.538
225,filter,4.714000,430.503925,20000,1.527,3.331,68.783,50.488
226,filter,4.718500,418.628714,20000,1.526,3.324,70.765,50.439
227,filter,4.723000,407.081075,20000,1.524,3.317,72.806,50.389
228,filter,4.727500,395.851970,20000,1.523,3.311,74.908,50.340
229,filter,4.732000,384.932615,20000,1.522,3.303,77.072,50.291
230,filter,4.736500,374.314463,20000,1.520,3.296,79.300,50.242
231,filter,4.741000,363.989207,20000,1.519,3.289,81.594,50.193
232,filter,4.745500,353.948768,20000,1.517,3.282,83.957,50.144
233,filter,4.750000,344.185289,20000,1.516,3.274,86.389,50.095
234,filter,4.754500,334.691130,20000,1.514,3.267,88.894,50.046
235,filter,4.759000,325.458862,20000,1.513,3.259,91.473,49.997
236,filter,4.763500,316.481260,20000,1.511,3.251,94.129,49.949
237,filter,4.768000,307.751301,20000,1.510,3.243,96.864,49.900
238,filter,4.772500,299.262153,20000,1.509,3.235,99.680,49.852
239,filter,4.777000,291.007174,20000,1.507,3.227,102.579,49.803
240,filter,4.781500,282.979903,20000,1.506,3.218,105.565,49.755
241,filter,4.786000,275.174060,20000,1.504,3.210,108.639,49.707
242,filter,4.790500,267.583537,20000,1.503,3.201,111.805,49.659
243,filter,4.795000,260.202395,20000,1.502,3.192,115.064,49.611
244,filter,4.799500,253.024857,20000,1.500,3.183,118.421,49.563
245,filter,4.804000,246.045307,20000,1.499,3.174,121.877,49.515
246,filter,4.808500,239.258285,20000,1.497,3.165,125.436,49.468
247,filter,4.813000,232.658479,20000,1.496,3.155,129.100,49.420
248,filter,4.817500,226.240724,20000,1.495,3.145,132.873,49.373
249,filter,4.822000,220.000000,20000,1.493,3.136,136.759,49.325
250,filter,4.826500,428.787062,20000,1.492,3.250,69.063,49.278
251,filter,4.831000,416.959210,20000,1.490,3.244,71.053,49.231
252,filter,4.835500,405.457622,20000,1.489,3.237,73.103,49.183
253,filter,4.840000,394.273300,20000,1.488,3.230,75.213,49.136
254,filter,4.844500,383.397491,20000,1.486,3.223,77.386,49.089
255,filter,4.849000,372.821685,20000,1.485,3.216,79.624,49.043
256,filter,4.853500,362.537607,20000,1.483,3.209,81.928,48.996
257,filter,4.858000,352.537209,20000,1.482,3.202,84.300,48.949
258,filter,4.862500,342.812667,20000,1.481,3.194,86.743,48.902
259,filter,4.867000,333.356371,20000,1.479,3.187,89.258,48.856
260,filter,4.871500,324.160921,20000,1.478,3.179,91.848,48.809
261,filter,4.876000,315.219123,20000,1.477,3.172,94.515,48.763
262,filter,4.880500,306.523979,20000,1.475,3.164,97.261,48.717
263,filter,4.885000,298.068686,20000,1.474,3.156,100.089,48.670
264,filter,4.889500,289.846628,20000,1.473,3.148,103.000,48.624
265,filter,4.894000,281.851370,20000,1.471,3.139,105.999,48.578
266,filter,4.898500,274.076658,20000,1.470,3.131,109.086,48.532
267,filter,4.903000,266.516406,20000,1.468,3.122,112.265,48.486
268,filter,4.907500,259.164699,20000,1.467,3.114,115.538,48.441
269,filter,4.912000,252.015786,20000,1.466,3.105,118.908,48.395
270,filter,4.916500,245.064071,20000,1.464,3.096,122.379,48.349
271,filter,4.921000,238.304115,20000,1.463,3.086,125.952,48.304
272,filter,4.925500,231.730629,20000,1.462,3.077,129.632,48.258
273,filter,4.930000,225.338469,20000,1.460,3.067,133.421,48.213
274,filter,5.070000,438.315278,20000,1.420,3.091,67.539,46.841
275,filter,5.074500,426.224596,20000,1.419,3.085,69.485,46.798
276,filter,5.079000,414.467428,20000,1.418,3.078,71.487,46.755
277,filter,5.083500,403.034575,20000,1.416,3.072,73.550,46.712
278,filter,5.088000,391.917091,20000,1.415,3.065,75.673,46.670
279,filter,5.092500,381.106277,20000,1.414,3.059,77.860,46.627
280,filter,5.097000,370.593673,20000,1.413,3.052,80.112,46.584
281,filter,5.101500,360.371053,20000,1.411,3.045,82.430,46.542
282,filter,5.106000,350.430419,20000,1.410,3.038,84.817,46.500
283,filter,5.110500,340.763991,20000,1.409,3.031,87.276,46.457
284,filter,5.115000,331.364206,20000,1.408,3.024,89.807,46.415
285,filter,5.119500,322.223710,20000,1.406,3.017,92.413,46.373
286,filter,5.124000,313.335348,20000,1.405,3.009,95.097,46.331
287,filter,5.128500,304.692168,20000,1.404,3.002,97.860,46.289
288,filter,5.133000,296.287404,20000,1.403,2.994,100.706,46.247
289,filter,5.137500,288.114481,20000,1.401,2.986,103.636,46.205
290,filter,5.142000,280.167004,20000,1.400,2.978,106.652,46.163
291,filter,5.146500,272.438754,20000,1.399,2.970,109.759,46.122
292,filter,5.151000,264.923683,20000,1.398,2.961,112.958,46.080
293,filter,5.155500,257.615911,20000,1.397,2.953,116.252,46.038
294,filter,5.160000,250.509719,20000,1.395,2.944,119.643,45.997
295,filter,5.164500,243.599548,20000,1.394,2.936,123.136,45.955
296,filter,5.169000,236.879991,20000,1.393,2.927,126.732,45.914
297,filter,5.173500,230.345788,20000,1.392,2.917,130.435,45.873
298,filter,5.178000,223.991828,20000,1.390,2.908,134.248,45.831
299,filter,5.182500,436.567263,20000,1.389,3.021,67.814,45.790
300,filter,5.187000,424.524799,20000,1.388,3.015,69.767,45.749
301,filter,5.191500,412.814519,20000,1.387,3.008,71.778,45.708
302,filter,5.196000,401.427261,20000,1.386,3.002,73.849,45.667
303,filter,5.200500,390.354114,20000,1.384,2.996,75.982,45.626
304,filter,5.205000,379.586413,20000,1.383,2.989,78.178,45.585
305,filter,5.209500,369.115734,20000,1.382,2.983,80.439,45.545
306,filter,5.214000,358.933882,20000,1.381,2.976,82.767,45.504
307,filter,5.218500,349.032891,20000,1.380,2.969,85.164,45.463
308,filter,5.223000,339.405013,20000,1.379,2.962,87.633,45.423
309,filter,5.227500,330.042715,20000,1.377,2.955,90.174,45.382
310,filter,5.232000,320.938671,20000,1.376,2.948,92.792,45.342
311,filter,5.236500,312.085757,20000,1.375,2.940,95.487,45.301
312,filter,5.241000,303.477046,20000,1.374,2.933,98.262,45.261
313,filter,5.245500,295.105800,20000,1.373,2.925,101.119,45.221
314,filter,5.250000,286.965472,20000,1.371,2.917,104.061,45.181
315,filter,5.254500,279.049689,20000,1.370,2.909,107.091,45.141
316,filter,5.259000,271.352259,20000,1.369,2.901,110.210,45.101
317,filter,5.263500,263.867158,20000,1.368,2.893,113.423,45.061
318,filter,5.268000,256.588530,20000,1.367,2.885,116.730,45.021
319,filter,5.272500,249.510679,20000,1.366,2.876,120.136,44.981
320,filter,5.277000,242.628066,20000,1.364,2.867,123.643,44.941
321,filter,5.281500,235.935306,20000,1.363,2.859,127.254,44.901
322,filter,5.286000,229.427162,20000,1.362,2.850,130.973,44.862
323,filter,5.290500,223.098542,20000,1.361,2.840,134.802,44.822
324,filter,5.295000,434.826219,20000,1.360,2.954,68.089,44.783
325,filter,5.299500,422.831780,20000,1.359,2.948,70.051,44.743
326,filter,5.304000,411.168201,20000,1.357,2.941,72.071,44.704
327,filter,5.308500,399.826356,20000,1.356,2.935,74.150,44.665
328,filter,5.313000,388.797369,20000,1.355,2.929,76.292,44.625
329,filter,5.317500,378.072610,20000,1.354,2.923,78.497,44.586
330,filter,5.322000,367.643688,20000,1.353,2.916,80.767,44.547
331,filter,5.326500,357.502442,20000,1.352,2.909,83.105,44.508
332,filter,5.331000,347.640937,20000,1.351,2.903,85.512,44.469
333,filter,5.335500,338.051455,20000,1.349,2.896,87.991,44.430
334,filter,5.340000,328.726495,20000,1.348,2.889,90.544,44.391
335,filter,5.344500,319.658758,20000,1.347,2.882,93.172,44.352
336,filter,5.349000,310.841149,20000,1.346,2.874,95.878,44.313
337,filter,5.353500,302.266769,20000,1.345,2.867,98.665,44.275
338,filter,5.358000,293.928909,20000,1.344,2.859,101.534,44.236
339,filter,5.362500,285.821044,20000,1.343,2.852,104.489,44.198
340,filter,5.367000,277.936830,20000,1.342,2.844,107.531,44.159
341,filter,5.371500,270.270098,20000,1.340,2.836,110.663,44.121
342,filter,5.376000,262.814848,20000,1.339,2.828,113.889,44.082
343,filter,5.380500,255.565247,20000,1.338,2.819,117.211,44.044
344,filter,5.385000,248.515622,20000,1.337,2.811,120.631,44.006
345,filter,5.389500,241.660457,20000,1.336,2.802,124.153,43.967
346,filter,5.394000,234.994388,20000,1.335,2.793,127.779,43.929
347,filter,5.398500,228.512199,20000,1.334,2.784,131.513,43.891
348,filter,5.403000,222.208818,20000,1.333,2.775,135.358,43.853
349,filter,5.407500,433.092118,20000,1.331,2.889,68.366,43.815
350,filter,5.412000,421.145513,20000,1.330,2.883,70.336,43.777
351,filter,5.416500,409.528449,20000,1.329,2.877,72.364,43.739
352,filter,5.421000,398.231836,20000,1.328,2.871,74.452,43.701
353,filter,5.425500,387.246833,20000,1.327,2.865,76.603,43.664
354,filter,5.430000,376.564845,20000,1.326,2.859,78.817,43.626
355,filter,5.434500,366.177513,20000,1.325,2.852,81.097,43.588
356,filter,5.439000,356.076711,20000,1.324,2.846,83.445,43.551
357,filter,5.443500,346.254534,20000,1.323,2.839,85.862,43.513
358,filter,5.448000,336.703295,20000,1.322,2.832,88.351,43.476
359,filter,5.452500,327.415523,20000,1.320,2.825,90.914,43.439
360,filter,5.457000,318.383948,20000,1.319,2.818,93.554,43.401
361,filter,5.461500,309.601505,20000,1.318,2.811,96.271,43.364
362,filter,5.466000,301.061320,20000,1.317,2.804,99.069,43.327
363,filter,5.470500,292.756711,20000,1.316,2.796,101.951,43.290
364,filter,5.475000,284.681181,20000,1.315,2.789,104.918,43.252
365,filter,5.479500,276.828409,20000,1.314,2.781,107.973,43.215
366,filter,5.484000,269.192252,20000,1.313,2.773,111.119,43.178
367,filter,5.488500,261.766734,20000,1.312,2.765,114.358,43.142
368,filter,5.493000,254.546044,20000,1.311,2.757,117.693,43.105
369,filter,5.497500,247.524534,20000,1.310,2.748,121.128,43.068
370,filter,5.502000,240.696708,20000,1.309,2.740,124.664,43.031
371,filter,5.506500,234.057223,20000,1.308,2.731,128.306,42.994
372,filter,5.511000,227.600885,20000,1.306,2.722,132.055,42.958
373,filter,5.515500,221.322642,20000,1.305,2.713,135.917,42.921
374,filter,5.520000,431.364933,20000,1.304,2.827,68.644,42.885
375,filter,5.524500,419.465972,20000,1.303,2.822,70.622,42.848
376,filter,5.529000,407.895237,20000,1.302,2.816,72.659,42.812
377,filter,5.533500,396.643674,20000,1.301,2.810,74.756,42.775
378,filter,5.538000,385.702480,20000,1.300,2.803,76.915,42.739
379,filter,5.542500,375.063092,20000,1.299,2.797,79.139,42.703
380,filter,5.547000,364.717186,20000,1.298,2.791,81.428,42.667
381,filter,5.551500,354.656666,20000,1.297,2.784,83.786,42.630
382,filter,5.556000,344.873659,20000,1.296,2.778,86.213,42.594
383,filter,5.560500,335.360512,20000,1.295,2.771,88.713,42.558
384,filter,5.565000,326.109779,20000,1.294,2.764,91.287,42.522
385,filter,5.569500,317.114223,20000,1.293,2.757,93.937,42.486
386,filter,5.574000,308.366804,20000,1.292,2.750,96.666,42.451
387,filter,5.578500,299.860678,20000,1.291,2.743,99.476,42.415
388,filter,5.583000,291.589188,20000,1.290,2.736,102.369,42.379
389,filter,5.587500,283.545863,20000,1.289,2.728,105.349,42.343
390,filter,5.592000,275.724409,20000,1.288,2.720,108.417,42.308
391,filter,5.596500,268.118705,20000,1.287,2.712,111.575,42.272
392,filter,5.601000,260.722800,20000,1.285,2.705,114.828,42.236
393,filter,5.605500,253.530907,20000,1.284,2.696,118.178,42.201
394,filter,5.610000,246.537398,20000,1.283,2.688,121.627,42.166
395,filter,5.614500,239.736801,20000,1.282,2.680,125.178,42.130
396,filter,5.619000,233.123795,20000,1.281,2.671,128.835,42.095
397,filter,5.623500,226.693206,20000,1.280,2.662,132.600,42.060
398,filter,5.628000,220.440000,20000,1.279,2.653,136.477,42.024
399,filter,5.632500,429.644636,20000,1.278,2.768,68.923,41.989
400,filter,5.637000,417.793128,20000,1.277,2.762,70.909,41.954
401,filter,5.641500,406.268538,20000,1.276,2.756,72.954,41.919
402,filter,5.646000,395.061847,20000,1.275,2.750,75.060,41.884
403,filter,5.650500,384.164286,20000,1.274,2.744,77.229,41.849
404,filter,5.655000,373.567328,20000,1.273,2.738,79.462,41.814
405,filter,5.659500,363.262682,20000,1.272,2.732,81.761,41.779
406,filter,5.664000,353.242284,20000,1.271,2.726,84.128,41.744
407,filter,5.668500,343.498292,20000,1.270,2.719,86.566,41.710
408,filter,5.673000,334.023083,20000,1.269,2.712,89.076,41.675
409,filter,5.677500,324.809243,20000,1.268,2.706,91.661,41.640
410,filter,5.682000,315.849561,20000,1.267,2.699,94.322,41.606
411,filter,5.686500,307.137027,20000,1.266,2.692,97.062,41.571
412,filter,5.691000,298.664824,20000,1.265,2.685,99.884,41.537
413,filter,5.695500,290.426321,20000,1.264,2.677,102.790,41.502
414,filter,5.700000,282.415073,20000,1.263,2.670,105.781,41.468
415,filter,5.704500,274.624811,20000,1.262,2.662,108.862,41.434
416,filter,5.709000,267.049439,20000,1.261,2.654,112.034,41.399
417,filter,5.713500,259.683029,20000,1.260,2.647,115.301,41.365
418,filter,5.718000,252.519817,20000,1.259,2.638,118.664,41.331
419,filter,5.722500,245.554199,20000,1.258,2.630,122.128,41.297
420,filter,5.727000,238.780723,20000,1.257,2.622,125.694,41.263
421,filter,5.731500,232.194090,20000,1.256,2.613,129.366,41.229
422,filter,5.736000,225.789146,20000,1.255,2.604,133.147,41.195
423,filter,5.740500,427.931199,20000,1.254,2.713,69.203,41.161
424,filter,5.745000,416.126956,20000,1.253,2.708,71.198,41.127
425,filter,5.749500,404.648326,20000,1.252,2.702,73.252,41.093
426,filter,5.754000,393.486327,20000,1.251,2.696,75.366,41.059
427,filter,5.758500,382.632227,20000,1.250,2.690,77.544,41.026
428,filter,5.763000,372.077530,20000,1.249,2.684,79.786,40.992
429,filter,5.767500,361.813979,20000,1.248,2.678,82.095,40.958
430,filter,5.772000,351.833542,20000,1.247,2.671,84.472,40.925
431,filter,5.776500,342.128410,20000,1.246,2.665,86.920,40.891
432,filter,5.781000,332.690989,20000,1.245,2.658,89.441,40.858
433,filter,5.785500,323.513893,20000,1.244,2.652,92.036,40.824
434,filter,5.790000,314.589943,20000,1.244,2.645,94.708,40.791
435,filter,5.794500,305.912155,20000,1.243,2.638,97.460,40.758
436,filter,5.799000,297.473739,20000,1.242,2.631,100.294,40.724
437,filter,5.803500,289.268092,20000,1.241,2.623,103.212,40.691
438,filter,5.808000,281.288793,20000,1.240,2.616,106.216,40.658
439,filter,5.812500,273.529598,20000,1.239,2.608,109.310,40.625
440,filter,5.817000,265.984437,20000,1.238,2.601,112.495,40.592
441,filter,5.821500,258.647405,20000,1.237,2.593,115.775,40.559
442,filter,5.826000,251.512760,20000,1.236,2.585,119.153,40.526
443,filter,5.830500,244.574921,20000,1.235,2.577,122.631,40.493
444,filter,5.835000,237.828458,20000,1.234,2.568,126.212,40.460
445,filter,5.839500,231.268093,20000,1.233,2.560,129.899,40.427
446,filter,5.844000,224.888692,20000,1.232,2.551,133.696,40.394
10,blind_perp,4.100000,nan,50000,1.756,3.968,0.000,36.196
11,blind_perp,4.105000,nan,50000,1.754,3.963,0.000,36.149
12,blind_para,4.115000,nan,50000,1.750,3.953,0.000,36.056
13,blind_para,4.120000,nan,50000,1.748,3.949,0.000,36.009
30,NbTiN_cpw,6.100000,nan,200000,0.000,3.999,0.000,10.717
31,NbTiN_cpw,6.110000,nan,200000,0.000,3.992,0.000,10.695
